,Keywords
0,bank rates
1,bank rates today
2,bank rates mortgage
3,bank rates savings
4,bank rates refinance
5,bank rates canada
6,bank rates money market
7,bank rates home loan
8,bank rates for fixed deposit
9,bank rates mortgage today
10,what a bank rates
11,a is bank fd rates
12,bank of a mortgage rates
13,the interest rates on a bank loan
14,b bank interest rates
15,b o i bank interest rates
16,canara bank s b interest rates 2020
17,canara bank fcnr b interest rates
18,bandhan bank s b interest rates 2021
19,b of a bank cd rates
20,c d bank rates
21,c&f bank rates
22,c&n bank rates
23,c bank cd rates
24,c&f bank interest rates
25,c&n bank interest rates
26,c d rates bank of america
27,c&f bank mortgage rates
28,c&n bank mortgage rates
29,bank c d interest rates
30,bank fd rates
31,hdfc bank f d interest rates
32,icici bank f d interest rates
33,t d bank rates
34,f d rates bank of india
35,axis bank fd rates
36,icici bank fd rates
37,e q bank rates
38,e bank interest rates
39,e trade bank rates
40,e bank cd rates
41,e q bank gic rates
42,e-trade bank mortgage rates
43,f&m bank cd rates
44,f&m bank mortgage rates
45,f&m bank refinance rates
46,f&m bank rates
47,bank f d rates
48,f&m bank interest rates
49,bank f d rates in india
50,canara bank fd rates
51,g&c mutual bank interest rates
52,g p parsik bank interest rates
53,h n b bank interest rates
54,investment bank rates
55,i bank mortgage rates
56,i bank cd rates
57,j&k bank fd interest rates 2021
58,j&k bank interest rates
59,j&k bank interest rates on car loans
60,j&k bank fd interest rates 2020
61,j&k bank fd interest rates calculator
62,j&k grameen bank interest rates
63,j&k bank rd interest rates
64,j&k bank fd rates 2021
65,j&k bank fd rates calculator
66,j&k bank rd interest rates 2021
67,k bank rates
68,k bank exchange rates
69,k bank exchange rates today
70,k bank fixed deposit rates
71,j&k bank fd rates 2020
72,j&k bank exchange rates
73,m bank rates
74,m&t bank rates mortgage
75,m bank cd rates
76,m&t bank cd rates
77,m&t bank interest rates
78,m&t bank cd rates 2020
79,m&t bank cd rates june 2020
80,m t bank interest rates mortgage
81,m&f bank cd rates
82,m&t bank refinance rates
83,p&n bank rates
84,p&n bank fixed rates
85,p&n bank mortgage rates
86,p&n bank investment rates
87,n y community bank cd rates
88,p&n bank savings rates
89,p&n bank td rates
90,bank of rates
91,bank of interest rates on fixed deposit
92,bank of interest rates
93,bank of cd rates
94,p&s bank interest rates
95,pnc bank cd rates
96,p&n bank savings interest rates
97,p&n bank mortgage interest rates
98,p n c bank interest rates
99,s&p bank default rates
100,qbank interest rates
101,qbank term deposit rates
102,qbank term deposit rates australia
103,r bank rates
104,r bank cd rates
105,r bank mortgage rates
106,r b l bank interest rates
107,s&t bank cd rates
108,u.s. bank mortgage rates
109,u.s. bank cd rates
110,u.s. bank refinance rates
111,s&t bank mortgage rates
112,u.s. bank loan rates
113,u.s. bank cd rates 2021
114,u.s. bank mortgage rates refinance
115,u.s. bank ira rates
116,u s bank mortgage rates today
117,t bank rates
118,bb&t bank rates
119,m&t bank loan rates
120,bb&t bank mortgage rates
121,u bank rates
122,ubank interest rates
123,u bank loan rates
124,u bank profit rates 2020
125,u.s. bank cd interest rates
126,bangkok bank fx rates
127,how bank rates
128,how much bank interest rates
129,how is chase bank rates
130,how to compare bank interest rates
131,how much are bank cd rates
132,what bank rates
133,which bank interest rates on saving account
134,which bank interest rates
135,which bank exchange rates
136,which bank highest fd rates
137,which bank fixed deposit rates
138,which bank highest interest rates
139,which bank has best interest rates
140,which bank has best cd rates
141,what is bank rates
142,what is bank rates today
143,who is bank rates
144,when were bank interest rates highest
145,are bank rates going up
146,are bank rates going up or down
147,is bank rates
148,what are bank rates today
149,banks are interest rates
150,what are bank interest rates today
151,what are bank mortgage rates today
152,what are central bank rates
153,what are current bank rates
154,what are bank deposit rates
155,what bank interest rates
156,what are bank cd rates
157,what are bank cd rates today
158,what bank has best interest rates
159,what are bank loan interest rates
160,bank rates australia
161,bank rates at which banks borrow funds from the reserve bank
162,bank rates auto loan calculator
163,bank rates auto loan
164,bank rates and policy rate of india
165,bank rates amortization calculator
166,bank rates and inflation
167,bank rates as of today
168,bank america rates
169,bank interest rates australia
170,bank rates by rbi
171,bank rates bc
172,bank rates by country
173,bank rates bangladesh
174,bank rates best
175,interest rates bendigo bank
176,bank cd rates best
177,interest rates bandhan bank
178,interest rates barclays bank
179,interest rates best bank
180,bank rates cd
181,bank rates comparison
182,bank rates car loans
183,bank rates calculator
184,bank rates chart
185,bank rates cd today
186,bank rates cd calculator
187,bank rates cost of living calculator
188,bank rates credit cards
189,bank rates dollar to naira
190,bank rates dollar
191,bank deposit rates in india
192,bank deposit rates ireland
193,bank deposit rates in us
194,cd rates discover bank
195,interest rates discovery bank
196,bank interest rates deposit
197,bank rates egypt
198,bank rates euro to pounds
199,bank exchange rates
200,bank exchange rates today
201,bank exchange rates in kenya
202,bank exchange rates uk
203,bank exchange rates canada
204,bank exchange rates mexico
205,bank exchange rates sri lanka
206,bank exchange rates australia
207,bank rates for car loans
208,bank rates for mortgage
209,bank rates for cd
210,bank rates for savings accounts
211,bank rates for personal loans
212,bank rates for home equity loans
213,bank rates for term deposits
214,bank rates for dollar
215,bank rates for investment
216,bank rates for car loans canada
217,bank rates going up
218,bank rates going up or down
219,bank rates gloucester hospital
220,bank rates gic canada
221,bank rates in ghana
222,eq bank rates gic
223,bank interest rates going up
224,royal bank rates gic
225,bank interest rates going down
226,td bank rates gic
227,bank rates history
228,bank rates heloc
229,bank rates home equity line of credit
230,bank rates home mortgage
231,bank rates highest
232,bank holiday rates of pay
233,bank holiday rates of pay nhs
234,interest rates hdfc bank
235,bank interest rates home loan
236,bank rates in india
237,bank rates in kenya
238,bank rates in india 2021
239,bank rates in nigeria
240,bank rates in uganda
241,bank rates in canada
242,bank rates ireland
243,bank rates increase
244,bank rates interest
245,bank rates jumbo loans
246,bank rates in jamaica
247,bank interest rates japan
248,bank rates in japan
249,cd rates jefferson bank
250,interest rates japanese banks
251,td bank cd rates july 2020
252,canara bank fd rates july 2020
253,bank jago rates
254,bank fd rates july 2020
255,bank rates kenya
256,cd rates key bank
257,cd rates kearny bank
258,bank fd rates kotak
259,interest rates kiwi bank
260,interest rates key bank
261,bank exchange rates kenya
262,interest rates karur vysya bank
263,kearny bank rates
264,equity bank exchange rates kenya
265,bank rates loan calculator
266,bank rates libor
267,bank rates loans
268,bank rates line of credit
269,bank rates lloyds
270,bank loan rates uk
271,bank lending rates
272,bank loan rates canada
273,bank lending rates philippines 2020
274,bank rates mortgage refinance
275,bank rates mortgage calculator
276,bank rates malaysia
277,bank rates mortgage canada
278,bank rates montreal
279,bank mortgage rates ontario
280,bank rates nz
281,bank rates nhs
282,bank rates near me
283,bank rates news
284,bank rates naira to dollar
285,bank rates nigeria
286,bank negara rates
287,bank interest rates nz
288,bank mortgage rates nz
289,bank rates on credit card balances are usually similar to the rate charged on business loans
290,bank rates ontario
291,bank rates on savings accounts
292,bank rates on cds
293,bank rates on car loans
294,bank rates on personal loans
295,bank rates on fd
296,bank rates on loans
297,bank rates pounds to naira
298,bank rates philippines
299,bank rates personal loans
300,bank rates percentage
301,bank profit rates in pakistan 2021
302,bank pay rates nhs
303,bank partners rates of pay
304,bank interest rates philippines 2021
305,bank interest rates philippines
306,bank interest rates philippines 2020
307,bank rates que es
308,bank rates que significa
309,bank rates quebec
310,bank of queensland rates term deposit
311,commercial bank exchange rates qatar
312,bank mortgage rates quebec
313,interest rates qudos bank
314,bank interest rates questions
315,bank interest rates quarterly
316,bank rates in qatar
317,bank rates rising
318,bank rates refinance calculator
319,us bank rates refinance
320,cd rates regions bank
321,interest rates rbl bank
322,chase bank rates refinance
323,interest rates royal bank
324,bank rates south africa
325,bank rates singapore
326,bank rates savings accounts
327,bank rates santander
328,bank savings rates uk
329,bank saving rates best
330,banks savings rates
331,bank interest rates singapore
332,bank interest rates savings account
333,bank rates today mortgage
334,bank rates today savings
335,bank rates to refinance
336,bank rates td
337,bank rates to india
338,bank interest rates today
339,bank fd rates today
340,bank cd rates today
341,bank rates uk
342,bank rates usa
343,bank rates uhb
344,bank rates usd to cad
345,bank rates us
346,bank united rates
347,bank interest rates uk
348,cd rates us bank
349,bank rates variable
350,cd rates valley bank
351,interest rates bank vs credit union
352,bank interest rates vietnam
353,interest rates vs bank stocks
354,bank interest rates variable
355,cd rates valley national bank
356,bank of valletta rates of exchange
357,interest rates valley national bank
358,valley bank rates
359,interest rates yes bank
360,yes bank rates fd
361,interest rates yorkshire bank
362,bank of england exchange rates xml
363,bank of canada exchange rates
364,bank of england x rates
365,european bank exchange rates xml
366,bank rates zambia
367,bank rates zimbabwe
368,bank rates zimbabwe today
369,bank exchange rates zimbabwe
370,bank interest rates in zambia
371,bank interest rates new zealand
372,stanbic bank exchange rates zimbabwe
373,cd rates zions bank
374,fnb bank rates zambia
375,bank interest rates za
376,are bank interest rates likely to rise
377,icici bank fd rates without premature
378,bank of america mortgage rates without points
379,bank rates for savings
380,bank rates for refinance
381,bank rates for home loan
382,bank rates for commercial loan
383,bank rates for today
384,bank interest rates vs inflation
385,bank mortgage rates vs broker
386,cd rates banks vs credit unions
387,interest rates vs banks
388,mortgage rates bank vs. credit union
389,fixed deposit rates bank vs post office
390,chase bank mortgage rates vs wells fargo
391,bank interest rates 2019 vs 2020
392,bank cd rates near me
393,cd rates banks near me
394,local bank cd rates near me
395,best bank rates near me
396,bank interest rates near me
397,bank mortgage rates near me
398,local bank rates near me
399,bank refinance rates near me
400,bank loan rates near me
401,chase bank rates
402,bank of america mortgage rates 0 points
403,bank rates 15 year mortgage
404,bank rates 10 year mortgage
405,bank interest rates 1990
406,cd rates 1st source bank
407,bank of america mortgage rates 10 year fixed
408,bank cd rates 1 year
409,bank fd rates 1 year
410,bank interest rates 1980
411,bank interest rates 12 means
412,bank rates 2020
413,bank interest rates 2021
414,bank interest rates 2021 india
415,bank interest rates 2020 india
416,bank interest rates 2021 sbi
417,bank interest rates 2021 philippines
418,bank fd interest rates 2020
419,bank loan interest rates 2021
420,bank loan interest rates 2020
421,bank rates 30 year fixed
422,bank rates 30 year mortgage calculator
423,bank rates 30 year mortgage refi
424,us bank interest rates 30 year fixed
425,bank of america mortgage rates 30 year fixed
426,cd rates 5/3 bank
427,chase bank mortgage rates 30 year fixed
428,bank of america refinance rates 30 year fixed
429,bank of america fha rates 30 year fixed
430,bank 34 rates
431,bank of india interest rates 444 days
432,nhs bank rates band 4
433,401k bank rates
434,cd rates 53 bank
435,cd bank rates 5 years
436,interest rates 53 bank
437,bank 5 rates
438,bank 59 rates
439,bank cd rates 5 year
440,bank mortgage rates 5 year fixed
441,bank fd rates 5 years
442,cd rates 5th 3rd bank
443,ally bank cd rates 5 year
444,bank cd rates 6 months
445,td bank cd rates 6 months
446,axis bank fd rates 6 months
447,bank fd rates 6 months
448,bank interest rates 6
449,best bank cd rates 6 months
450,ally bank cd rates 6 month
451,bank of america cd rates 6 months
452,bank interest rates for 6 months
453,sampath bank fd rates 6 months
454,investors bank cd rates 7 month
455,bank of america auto rates 72 months
456,bank fd rates for 7 days
457,nhs bank rates band 7
458,bank of america mortgage rates 7 1 arm
459,bank bill rates 90 days australia
460,bank interest rates 90s
461,bank rates today money market
462,bank rates today refinance
463,bank rates today india
464,bank rates today 30 year fixed
465,bank rates today zimbabwe
466,bank rates today auto loan
467,bank rates mortgages today
468,bank mortgage rates uk
469,bank mortgage rates montreal
470,bank mortgage rates ireland
471,bank rates savings today
472,td bank rates savings
473,chase bank rates savings
474,synchrony bank rates savings
475,ally bank rates savings
476,bank rates refinance mortgage
477,td bank rates refinance
478,ally bank rates refinance
479,citizens bank refinance rates
480,pnc bank refinance rates
481,flagstar bank refinance rates
482,bank rates canada mortgage
483,bank rates canada 2021
484,bank rates canada exchange
485,bank rates canada news
486,bank rates canada gic
487,bank rates canada 2015
488,bank interest rates canada
489,best bank rates canada
490,bank rates money market deposits
491,best bank rates money market
492,us bank rates money market
493,td bank rates money market
494,pnc bank rates money market
495,cit bank rates money market
496,ally bank rates money market
497,chase bank rates money market
498,bank interest rates home loan australia
499,me bank rates home loan
500,bank of america rates home loans
501,bank interest rates for fixed deposit
502,bank interest rates for fixed deposits in india
503,bank interest rates fixed deposit calculator
504,hdfc bank interest rates for fixed deposits
505,bank of america interest rates for fixed deposits
506,axis bank interest rates for fixed deposit
507,best bank rates for fixed deposit
508,bank interest rates for fixed deposits in sbi
509,bank interest rates for fixed deposits in sri lanka
510,bank mortgage rates current
511,td bank mortgage rates today
512,us bank mortgage rates today
513,chase bank mortgage rates today
514,bank statement mortgage rates today
515,pnc bank mortgage rates today
516,regions bank mortgage rates today
517,us bank mortgage rates today refinance
518,bank america mortgage rates today
519,what is a bank cd rates
520,the sutex bank fd rates
521,the federal bank fixed deposit rates
522,the varachha bank fd rates
523,the kalupur bank fd rates
524,the nainital bank fd rates
525,bank of ireland mortgage rates
526,bank of america mortgage rates refinance
527,bank of canada mortgage rates
528,bank of montreal mortgage rates
529,bank of england mortgage rates
530,bank of scotland mortgage rates
531,bank of canada mortgage rates 2021
532,bank of america mortgage rates refi
533,bank of melbourne mortgage rates
534,what are the interest rates on bank loans
535,i o b bank interest rates
536,t s b bank interest rates
537,s b i bank interest rates
538,yorkshire bank b account interest rates
539,clydesdale bank b account interest rates
540,h s b c bank interest rates
541,p n b bank home loan interest rates
542,c d rates chase bank
543,cd bank cd rates
544,c&f bank cd rates
545,c&n bank cd rates
546,c.i.t. bank cd rates
547,cd rates bank of america 2020
548,current cd rates bank of america
549,jumbo cd rates bank of america
550,best cd rates bank of america
551,cd rates bank of america connecticut
552,ira cd rates bank of america
553,business cd rates bank of america
554,featured cd rates bank of america
555,bank of america c d interest rates
556,banks with best c.d. interest rates
557,bank cd interest rates today
558,bank cd interest rates us
559,banking cd interest rates
560,chase bank c d interest rates
561,citizens bank c d interest rates
562,bank cd interest rates comparison
563,bank cd interest rates calculator
564,bank fd rates for senior citizens
565,bank fd rates calculator
566,bank fd rates sbi
567,bank fd rates malaysia
568,bank fd rates in 2000
569,bank fd rates in sri lanka
570,bank fd rates for 5 years
571,bank fd rates 2021 malaysia
572,bank fd rates bank of baroda
573,hdfc bank fd interest rates 2020 for senior citizens
574,hdfc bank fd interest rates 2020 calculator
575,hdfc bank fd interest rates 2021 calculator
576,hdfc bank fd interest rates june 2021
577,hdfc bank fd interest rates april 2021
578,hdfc bank fd interest rates for nri
579,hdfc bank fd interest rates may 2020
580,hdfc bank of india fd interest rates 2020
581,icici bank f.d interest rates calculator
582,icici bank fd interest rates 2020 for senior citizens
583,icici bank fd interest rates for 1 year
584,t.d. bank mortgage interest rates today
585,t d bank mortgage rates
586,t d bank interest rates
587,t d bank refinance rates
588,t d bank gic rates
589,t d bank ira rates
590,f d rates in central bank of india
591,f d rates in state bank of india
592,union bank of india f d rates
593,f d rates of indian bank
594,best f.d rates of banks in india
595,nre fd rates bank of india
596,axis bank fd rates calculator
597,axis bank fd rates nri
598,axis bank fd rates 2021 pdf latest
599,axis bank fd rates 2019
600,axis bank fd rates for one year
601,axis bank fd rates august 2021
602,axis bank fd rates 2020 pdf
603,axis bank fd rates tax saver
604,axis bank fd rates premature withdrawal
605,icici bank fd rates calculator
606,icici bank fd rates for nri
607,icici bank fd rates for corporates
608,icici bank fd rates aug 2021
609,icici bank fd rates december 2021
610,icici bank fd rates july 2021
611,icici bank fd rates 2021 october
612,icici bank fd rates less than 2 crore
613,icici bank fd rates monthly payout
614,yes bank interest rates
615,electronic banking interest rates
616,e trade bank interest rates
617,garanti bank e deposit interest rates
618,m e bank term deposit interest rates
619,e trade bank cd rates
620,eq bank gic rates reddit
621,bank of fd rates
622,icici bank f d rates
623,indusind bank f d rates
624,indian bank f.d interest rates latest
625,canara bank f d interest rates 2021
626,sbi bank f d interest rates
627,f d rates in indian banks
628,bank fd rates in india 2021
629,bank of baroda fd rates in india
630,bank wise fd rates in india
631,future of bank fd rates in india
632,bank nre fd rates in india
633,forecast of bank fd rates in india
634,axis bank fd rates for 3 months
635,canara bank fd rates for senior citizens
636,canara bank fd rates 2021 calculator
637,canara bank fd rates october 2021
638,canara bank fd rates for nri
639,canara bank fd rates august 2021
640,canara bank fd rates november 2021
641,canara bank fd rates 2019
642,canara bank fd rates 2021 september
643,canara bank fd rates sep 2021
