,Keywords
0,netflix stock
1,netflix stock nasdaq
2,netflix stock forecast
3,netflix stock market
4,netflix stock price today
5,netflix stock usd
6,netflix stock news
7,netflix stock price history
8,netflix stock bmv
9,netflix stock value
10,the netflix stock
11,buy a netflix stock
12,buying a netflix stock
13,purchase a netflix stock
14,netflix the stock market
15,netflix the stock market show
16,disney and netflix stock
17,amazon and netflix stock
18,cuties and netflix stock
19,serie de netflix stockton
20,lock e stock netflix
21,netflix stock.m
22,netflix on stock market
23,netflix on stock exchange
24,netflix on stocks
25,news on netflix stock
26,news on netflix stock today
27,outlook on netflix stock
28,invest on netflix stock
29,information on netflix stock
30,analysis on netflix stock
31,netflix stock p/e ratio
32,netflix stock p
33,netflix stock p/e
34,netflix stock price
35,netflix stock s
36,netflix and stock
37,what's netflix stock price
38,how much netflix stock cost
39,how much netflix stock should i buy
40,how buy netflix stock
41,how much is netflix stock today
42,how much was netflix stock 10 years ago
43,how much was netflix stock when it started
44,how much does netflix stock cost
45,how much was netflix stock in 2007
46,how to buy netflix stocks
47,which netflix stock to buy
48,why netflix stock is down today
49,why netflix stock is going up
50,why netflix stock is down
51,why netflix stock is up
52,why netflix stock price increase
53,why netflix stock is going down
54,why netflix stocks went down
55,why netflix stock is up today
56,why netflix stock
57,why netflix stock is falling
58,where is netflix stock going
59,where is netflix stock
60,where to buy netflix stock
61,where can i buy netflix stock
62,where is netflix stock traded
63,who owns netflix stock
64,who can buy netflix stock
65,who is the next netflix stock
66,who owns the most netflix stock
67,when netflix stock split
68,when netflix stock price
69,when did netflix stock go public
70,when did netflix stock split
71,when will netflix stock go up
72,when is netflix stock going to split
73,when to buy netflix stock
74,when to sell netflix stock
75,are netflix stocks going up
76,are netflix stocks good
77,are netflix stocks dropping
78,is netflix stock a buy
79,is netflix stock a good buy
80,is netflix stock going down
81,is netflix stock going to split
82,is netflix stock a good buy right now
83,is netflix stock overvalued
84,is netflix stock a buy right now
85,what is netflix stock price today
86,what is netflix stock symbol
87,what was netflix stock price 10 years ago
88,what will netflix stock be worth in 10 years
89,what was netflix stock price in 2010
90,what is netflix stock worth
91,what was netflix stock price in 2007
92,what was netflix stock price in 2008
93,netflix stock analysis
94,netflix stock after hours
95,netflix stock a buy
96,netflix stock after cuties
97,netflix stock analyst ratings
98,netflix stock analyst
99,netflix stock average annual return
100,netflix stock after earnings
101,netflix stock analyst recommendations
102,netflix stock aftermarket
103,netflix stock buy
104,netflix stock buy or sell
105,netflix stock buyback
106,netflix stock beta
107,netflix stock buyback history
108,netflix stock buy now
109,netflix stock bubble
110,netflix stock buy point
111,netflix stock benefits
112,netflix stock chart
113,netflix stock cuties
114,netflix stock calculator
115,netflix stock code
116,netflix stock cnn
117,netflix stock chart history
118,netflix stock competitors
119,netflix stock cost
120,netflix stock cnn forecast
121,netflix stock crash cuties
122,netflix stock dividend
123,netflix stock drop
124,netflix stock dividend yield
125,netflix stock during covid
126,netflix stock dividend history
127,netflix stock dividend 2021
128,netflix stock discussion
129,netflix stock data
130,netflix stock dataset
131,netflix stock drop reason
132,netflix stock exchange
133,netflix stock earnings date
134,netflix stock eps
135,netflix stock earnings
136,netflix stock expectations
137,netflix stock etf
138,netflix stock estimate
139,netflix stock europe
140,netflix stock earnings report
141,netflix stock exchange symbol
142,netflix stock forecast 2025
143,netflix stock forecast 2021
144,netflix stock forecast 2030
145,netflix stock futures
146,netflix stock forum
147,netflix stock forcast
148,netflix stock forecast 2020
149,netflix stock forecast 2022
150,netflix stock frankfurt
151,netflix stock graph
152,netflix stock growth
153,netflix stock good buy
154,netflix stock growth rate
155,netflix stock going down
156,netflix stock google
157,netflix stock google finance
158,netflix stock going up
159,netflix stock germany
160,netflix stock good investment
161,netflix stock history
162,netflix stock history 10 years
163,netflix stock how to buy
164,netflix stock highest price
165,netflix stock holders
166,netflix stock high
167,netflix stock halal
168,netflix stock high and low
169,netflix stock historical
170,netflix stock highest
171,netflix stock investing
172,netflix stock in usd
173,netflix stock ipo
174,netflix stock in 2007
175,netflix stock in 2010
176,netflix stock in 5 years
177,netflix stock information
178,netflix stock index
179,netflix stock investment
180,netflix stock in 2002
181,netflix stock january 2021
182,netflix stock jump
183,netflix stock january 2020
184,netflix stock july 2020
185,netflix stock january 2019
186,netflix stock jan 2020
187,netflix stock january 2013
188,netflix stock price january 2020
189,netflix stock dow jones
190,netflix stock wall street journal
191,netflix stock killer
192,netflix killer stock motley fool
193,netflix killer stock advertising
194,next netflix killer stock
195,netflix hong kong stock
196,netflix killer stock reddit
197,will netflix stock keep going up
198,netflix stock live
199,netflix stock last 10 years
200,netflix stock long term
201,netflix stock last 5 years
202,netflix stock last week
203,netflix stock last year
204,netflix stock long term forecast
205,netflix stock last month
206,netflix stock low
207,netflix stock market documentary
208,netflix stock marketwatch
209,netflix stock market series
210,netflix stock movies
211,netflix stock motley fool
212,netflix stock market price
213,netflix stock market cap
214,netflix stock market show
215,netflix stock market today
216,netflix stock nyse
217,netflix stock news today
218,netflix stock name
219,netflix stock now
220,netflix nasdaq stock price
221,netflix news stock market
222,netflix (nflx) stock
223,netflix nflx stock price
224,netflix stock options
225,netflix stock outlook
226,netflix stock option program
227,netflix stock overvalued
228,netflix stock over time
229,netflix stock opening price
230,netflix stock option plan
231,netflix stock options price
232,netflix stock ownership
233,netflix stock price nasdaq
234,netflix stock predictions
235,netflix stock price target
236,netflix stock price 2008
237,netflix stock predictions 2025
238,netflix stock performance
239,netflix stock premarket
240,netflix stock price history chart
241,netflix stock quote
242,netflix stock quote today
243,netflix stock quarterly report
244,netflix stock q3
245,netflix stock quote real time
246,netflix stock q2 earnings
247,netflix stock q2
248,netflix stock q1 earnings
249,netflix stock q4
250,netflix stock quote cnn money
251,netflix stock reddit
252,netflix stock rating
253,netflix stock report
254,netflix stock return
255,netflix stock rise
256,netflix stock rsi
257,netflix stock recommendation
258,netflix stock right now
259,netflix stock review
260,netflix stock robinhood
261,netflix stock symbol
262,netflix stock split
263,netflix stock split history
264,netflix stock squid game
265,netflix stock split 2021
266,netflix stock split 2022
267,netflix stock stock
268,netflix stock share price
269,netflix stock sector
270,netflix stock share
271,netflix stock tradingview
272,netflix stock today
273,netflix stock ticker
274,netflix stock target price
275,netflix stock twits
276,netflix stock target
277,netflix stock tomorrow
278,netflix stock ticker symbol
279,netflix stock tipranks
280,netflix stock tsx
281,netflix stock us
282,netflix stock up
283,netflix stock undervalued
284,netflix stock up today
285,netflix stock us dollars
286,netflix stock upgrade
287,netflix stock update
288,netflix stock up or down
289,netflix stock upside
290,netflix stock valuation
291,netflix stock vs disney
292,netflix stock value history
293,netflix stock volume
294,netflix stock value today
295,netflix stock volatility
296,netflix stock video
297,netflix stock vs s&p 500
298,netflix stock value in 2008
299,netflix stock yahoo
300,netflix stock yesterday
301,netflix stock ytd
302,netflix stock year to date
303,netflix stock yearly returns
304,netflix stock year
305,netflix stock 10 years ago
306,netflix stock 5 year forecast
307,netflix stock xetra
308,netflix stock price xetra
309,netflix stock zacks
310,netflix stock zacks rating
311,netflix's subscriber growth stock zapped as pandemic eases
312,next netflix like stock
313,netflix like stock
314,new netflix like stock
315,stock like netflix for 1.87
316,netflix stock forecast walletinvestor
317,netflix stock forecast gov capital
318,netflix stock price without split
319,netflix stock to buy
320,netflix stock from beginning
321,netflix stock to 1000
322,netflix stock for today
323,netflix for stock trading
324,netflix stock vs amazon stock
325,netflix stock vs
326,netflix stock today price
327,netflix stock in 2000
328,has netflix stock ever split
329,netflix common stock has a beta
330,has netflix stock dropped
331,has netflix stock split
332,has netflix stock gone down
333,has netflix stock gone up
334,has netflix stock peaked
335,has netflix stock crashed
336,netflix stock 10 year return
337,netflix stock 10 years
338,netflix stock 10 year chart
339,netflix stock 15 years ago
340,netflix stock 1998
341,netflix stock 1 year ago
342,netflix stock 1997
343,netflix stock 1999
344,netflix stock 10 year forecast
345,netflix stock 2030
346,netflix stock 2010
347,netflix stock 2021
348,netflix stock 2020
349,netflix stock 2012
350,netflix stock 2025
351,netflix stock 2002
352,netflix stock 2013
353,netflix stock 2022
354,netflix stock 2018
355,netflix stock 3 months ago
356,netflix stock 3 years ago
357,3x netflix stock
358,netflix stock last 30 days
359,netflix stock last 3 months
360,netflix stock price 3 months ago
361,netflix stock price last 3 months
362,netflix stock 52 week high and low
363,netflix stock 5 years ago
364,netflix stock 5 years
365,netflix stock 5 year projection
366,netflix stock 580
367,netflix stock 52 week range
368,netflix stock 5 year history
369,netflix stock 50 day moving average
370,netflix stock 52 week high
371,netflix stock 6 months
372,netflix stock 6 months ago
373,netflix stock last 6 months
374,netflix stock price last 6 months
375,netflix stock over last 6 months
376,netflix stock 7 years ago
377,netflix split stock 7 for 1
378,netflix stock price 8 years ago
379,netflix stock 9 billion
380,netflix stock 9 years ago
381,netflix stock loses 9 billion
382,netflix stock price usd
383,netflix stock price history nasdaq
384,netflix stock chart nasdaq
385,netflix stock forecast cnnmoney
386,netflix stock forecast today
387,netflix stock market movies
388,netflix stock market symbol
389,netflix stock market news
390,netflix stock price today after hours
391,netflix stock price today google finance
392,netflix stock price today google
393,netflix stock price today india
394,netflix stock price today now
395,netflix closing stock price today
396,netflix stock price news today
397,netflix stock price drop today
398,netflix stock news articles
399,netflix stock news 2021
400,netflix stock news 2020
401,netflix stock news now
402,netflix stock news yahoo
403,netflix stock news 2013
404,netflix stock price news
405,netflix stock price history graph
406,netflix stock price history yahoo finance
407,netflix stock price history 2010
408,netflix stock price history by year
409,netflix stock price history 5 years
410,netflix stock price historical
411,netflix stock value in 2007
412,netflix stock value 2012
413,netflix stock value in 2010
414,netflix stock market value
415,netflix stock fair value
416,netflix stock total value
417,the next netflix stock
418,the new netflix stock
419,the netflix killer stock
420,the next netflix stock to buy
421,buy netflix stock now
422,buy netflix stocks
423,buy netflix stock price
424,buy netflix stock today
425,should i buy a netflix stock
426,how can i buy a netflix stock
427,buy netflix stock online
428,buy netflix stock before earnings
429,buy netflix stock uk
430,buying netflix stock now
431,buying netflix stocks
432,buying into netflix stock
433,is buying netflix stock a good idea
434,netflix the stock market explained
435,netflix explained the stock market worksheet
436,netflix explained the stock market worksheet answers
437,netflix stock market shows
438,disney vs netflix stock
439,disney plus netflix stock
440,disney vs netflix stock price
441,netflix and disney stocks
442,amazon vs netflix stock
443,how to buy amazon and netflix stock
444,stocks like amazon and netflix
445,cuties netflix stock price
446,netflix series on stock market
447,netflix movies on stock market
448,netflix documentary on stock market
449,netflix shows on stock market
450,netflix stock market explained
451,netflix listed stock exchange
452,netflix frankfurt stock exchange
453,netflix stock exchange movies
454,netflix stock exchange price
455,netflix london stock exchange
456,netflix toronto stock exchange
457,is netflix listed on the stock exchange in india
458,netflix stocks usd
459,netflix documentary on stocks
460,netflix show on stocks
461,netflix movies on stocks
462,netflix stocks price
463,netflix stocks today
464,netflix stocks history
465,netflix stocks drop
466,netflix stocks news
467,latest news on netflix stock
468,news about netflix stocks
469,recent news on netflix stock
470,invest in netflix stock
471,stock analysis on net netflix
472,netflix stock pe ratio
473,netflix stock price prediction
474,netflix stock price forecast
475,netflix stock price prediction 2025
476,netflix stock price chart
477,netflix lock and stock
478,netflix stocks and shares
479,netflix stock and cuties
480,netflix stock and report
481,netflix panty and stocking
482,netflix and disney stock
483,netflix and the stock market
484,what is netflix stock price right now
485,what was netflix stock price in 2015
486,what was netflix stock price in 2009
487,how much does 1 share of netflix stock cost
488,how much does it cost to buy netflix stock
489,how to buy netflix stock price
490,how can i buy netflix stock
491,how to buy netflix stock in india
492,how to buy netflix stock in malaysia
493,how to buy netflix stocks online
494,how to buy netflix stock in south africa
495,how to buy netflix stock in canada
496,how much is netflix stock per share today
497,how much is netflix stock worth today
498,how much is netflix stock selling for today
499,how much is a share of netflix stock today
500,how much was netflix stock when it first started
501,how much does netflix stock cost per share
502,how much is netflix stock cost
503,why is netflix stock price down today
504,why is netflix stock going down today
505,why is netflix stock dropping today
506,why netflix stock went down today
507,why did netflix stock go down today
508,why is netflix stock going up today
509,why has netflix stock gone up
510,why netflix stock went down
511,why is netflix stock price down
512,why netflix stock went up today
513,why netflix stock went up
514,why is netflix stock up so much
515,why is netflix going down in the stock market
516,why is netflix stocks going down
517,why netflix stock is high today
518,why netflix stock drop
519,why is netflix stock falling today
520,why netflix stock drop today
521,is netflix stock going up
522,is netflix stock going to split soon
523,is netflix stock going to drop
524,is netflix stock going to rise
525,where is netflix stock listed
526,can i buy netflix stock in india
527,can i buy netflix stock directly
528,what is the next netflix killer stock
529,what is the next amazon or netflix stock
530,what will be the next netflix stock
531,what is the next netflix stock 2021
532,when was netflix last stock split
533,when was the last time netflix stock split
534,when will netflix stock split
535,when was netflix stock split
536,when did netflix have a stock split
537,will netflix stock go up after earnings
538,will netflix stock go up again
539,will netflix stock go up tomorrow
540,will netflix stock go up in 2021
541,will netflix stock go up today
542,when is netflix stock split
543,when is a good time to buy netflix stock
544,why are netflix stocks down
545,is netflix stock a buy or sell
546,is netflix stock a buy today
547,is netflix stock a buy reddit
548,is netflix stock a buy zacks
549,is netflix stock a buy now
550,is netflix a good stock to buy reddit
551,is netflix stock down
552,netflix stock goes down
553,will netflix stock go down tomorrow
554,is netflix stock splitting
555,what is netflix stock worth today
556,is netflix stock worth buying
557,netflix stock technical analysis
558,netflix stock price analysis
559,netflix stock chart analysis
560,netflix stock after hours yahoo
561,netflix stock after hours trading
562,netflix stock price after hours trading
563,netflix stock price after hours
564,netflix stock a buy right now
565,netflix stock a buy zacks
566,netflix stock buy price
567,netflix stock after cuties release
568,netflix stocks after cities
569,netflix stock drops after cities
570,netflix stock plummets after cities
571,netflix stock analyst opinion
572,netflix stock analyst estimates
573,netflix stock analyst forecast
